ClassID,SeatNumber
13,B1-01
13,B1-02
13,B1-03
13,B1-04
13,B1-05
13,B1-06
13,B1-07
13,B1-08
13,B1-09
13,B1-10
13,B1-11
13,B1-12
13,B1-13
13,B1-14
13,B1-15
13,B1-16
13,B1-17
13,B1-18
13,B1-19
13,B1-20
13,B1-21
13,B1-22
13,B1-23
13,B1-24
13,B1-25
13,B1-26
13,B1-27
13,B1-28
13,B1-29
13,B1-30
13,B1-31
13,B1-32
13,B1-33
13,B1-34
13,B1-35
13,B1-36
13,B1-37
13,B1-38
13,B1-39
13,B1-40
13,B1-41
13,B1-42
13,B1-43
13,B1-44
13,B1-45
13,B1-46
13,B1-47
13,B1-48
13,B1-49
13,B1-50
13,B1-51
13,B1-52
13,B1-53
13,B1-54
13,B1-55
13,B1-56
13,B1-57
13,B1-58
13,B1-59
13,B1-60
13,B1-61
13,B1-62
13,B1-63
13,B1-64
13,B1-65
13,B1-66
13,B1-67
13,B1-68
13,B1-69
13,B1-70
13,B1-71
13,B1-72
13,B2-01
13,B2-02
13,B2-03
13,B2-04
13,B2-05
13,B2-06
13,B2-07
13,B2-08
13,B2-09
13,B2-10
13,B2-11
13,B2-12
13,B2-13
13,B2-14
13,B2-15
13,B2-16
13,B2-17
13,B2-18
13,B2-19
13,B2-20
13,B2-21
13,B2-22
13,B2-23
13,B2-24
13,B2-25
13,B2-26
13,B2-27
13,B2-28
13,B2-29
13,B2-30
13,B2-31
13,B2-32
13,B2-33
13,B2-34
13,B2-35
13,B2-36
13,B2-37
13,B2-38
13,B2-39
13,B2-40
13,B2-41
13,B2-42
13,B2-43
13,B2-44
13,B2-45
13,B2-46
13,B2-47
13,B2-48
13,B2-49
13,B2-50
13,B2-51
13,B2-52
13,B2-53
13,B2-54
13,B2-55
13,B2-56
13,B2-57
13,B2-58
13,B2-59
13,B2-60
13,B2-61
13,B2-62
13,B2-63
13,B2-64
13,B2-65
13,B2-66
13,B2-67
13,B2-68
13,B2-69
13,B2-70
13,B2-71
13,B2-72
13,B3-01
13,B3-02
13,B3-03
13,B3-04
13,B3-05
13,B3-06
13,B3-07
13,B3-08
13,B3-09
13,B3-10
13,B3-11
13,B3-12
13,B3-13
13,B3-14
13,B3-15
13,B3-16
13,B3-17
13,B3-18
13,B3-19
13,B3-20
13,B3-21
13,B3-22
13,B3-23
13,B3-24
13,B3-25
13,B3-26
13,B3-27
13,B3-28
13,B3-29
13,B3-30
13,B3-31
13,B3-32
13,B3-33
13,B3-34
13,B3-35
13,B3-36
13,B3-37
13,B3-38
13,B3-39
13,B3-40
13,B3-41
13,B3-42
13,B3-43
13,B3-44
13,B3-45
13,B3-46
13,B3-47
13,B3-48
13,B3-49
13,B3-50
13,B3-51
13,B3-52
13,B3-53
13,B3-54
13,B3-55
13,B3-56
13,B3-57
13,B3-58
13,B3-59
13,B3-60
13,B3-61
13,B3-62
13,B3-63
13,B3-64
13,B3-65
13,B3-66
13,B3-67
13,B3-68
13,B3-69
13,B3-70
13,B3-71
13,B3-72
13,B4-01
13,B4-02
13,B4-03
13,B4-04
13,B4-05
13,B4-06
13,B4-07
13,B4-08
13,B4-09
13,B4-10
13,B4-11
13,B4-12
13,B4-13
13,B4-14
13,B4-15
13,B4-16
13,B4-17
13,B4-18
13,B4-19
13,B4-20
13,B4-21
13,B4-22
13,B4-23
13,B4-24
13,B4-25
13,B4-26
13,B4-27
13,B4-28
13,B4-29
13,B4-30
13,B4-31
13,B4-32
13,B4-33
13,B4-34
13,B4-35
13,B4-36
13,B4-37
13,B4-38
13,B4-39
13,B4-40
13,B4-41
13,B4-42
13,B4-43
13,B4-44
13,B4-45
13,B4-46
13,B4-47
13,B4-48
13,B4-49
13,B4-50
13,B4-51
13,B4-52
13,B4-53
13,B4-54
13,B4-55
13,B4-56
13,B4-57
13,B4-58
13,B4-59
13,B4-60
13,B4-61
13,B4-62
13,B4-63
13,B4-64
13,B4-65
13,B4-66
13,B4-67
13,B4-68
13,B4-69
13,B4-70
13,B4-71
13,B4-72
14,S1-01
14,S1-02
14,S1-03
14,S1-04
14,S1-05
14,S1-06
14,S1-07
14,S1-08
14,S1-09
14,S1-10
14,S1-11
14,S1-12
14,S1-13
14,S1-14
14,S1-15
14,S1-16
14,S1-17
14,S1-18
14,S1-19
14,S1-20
14,S1-21
14,S1-22
14,S1-23
14,S1-24
14,S1-25
14,S1-26
14,S1-27
14,S1-28
14,S1-29
14,S1-30
14,S1-31
14,S1-32
14,S1-33
14,S1-34
14,S1-35
14,S1-36
14,S1-37
14,S1-38
14,S1-39
14,S1-40
14,S1-41
14,S1-42
14,S1-43
14,S1-44
14,S1-45
14,S1-46
14,S1-47
14,S1-48
14,S1-49
14,S1-50
14,S1-51
14,S1-52
14,S1-53
14,S1-54
14,S1-55
14,S1-56
14,S1-57
14,S1-58
14,S1-59
14,S1-60
14,S1-61
14,S1-62
14,S1-63
14,S1-64
14,S1-65
14,S1-66
14,S1-67
14,S1-68
14,S1-69
14,S1-70
14,S1-71
14,S1-72
14,S1-73
14,S1-74
14,S1-75
14,S1-76
14,S1-77
14,S1-78
14,S1-79
14,S1-80
14,S1-81
14,S1-82
14,S1-83
14,S1-84
14,S1-85
14,S1-86
14,S1-87
14,S1-88
14,S1-89
14,S1-90
14,S1-91
14,S1-92
14,S1-93
14,S1-94
14,S1-95
14,S1-96
14,S1-97
14,S1-98
14,S1-99
14,S1-100
14,S1-101
14,S1-102
14,S1-103
14,S1-104
14,S1-105
14,S1-106
14,S1-107
14,S1-108
14,S1-109
14,S1-110
14,S1-111
14,S1-112
14,S1-113
14,S1-114
14,S1-115
14,S1-116
14,S1-117
14,S1-118
14,S1-119
14,S1-120
14,S1-121
14,S1-122
14,S1-123
14,S1-124
14,S1-125
14,S1-126
14,S1-127
14,S1-128
14,S1-129
14,S1-130
14,S1-131
14,S1-132
14,S1-133
14,S1-134
14,S1-135
14,S1-136
14,S1-137
14,S1-138
14,S1-139
14,S1-140
14,S1-141
14,S1-142
14,S1-143
14,S1-144
14,S2-01
14,S2-02
14,S2-03
14,S2-04
14,S2-05
14,S2-06
14,S2-07
14,S2-08
14,S2-09
14,S2-10
14,S2-11
14,S2-12
14,S2-13
14,S2-14
14,S2-15
14,S2-16
14,S2-17
14,S2-18
14,S2-19
14,S2-20
14,S2-21
14,S2-22
14,S2-23
14,S2-24
14,S2-25
14,S2-26
14,S2-27
14,S2-28
14,S2-29
14,S2-30
14,S2-31
14,S2-32
14,S2-33
14,S2-34
14,S2-35
14,S2-36
14,S2-37
14,S2-38
14,S2-39
14,S2-40
14,S2-41
14,S2-42
14,S2-43
14,S2-44
14,S2-45
14,S2-46
14,S2-47
14,S2-48
14,S2-49
14,S2-50
14,S2-51
14,S2-52
14,S2-53
14,S2-54
14,S2-55
14,S2-56
14,S2-57
14,S2-58
14,S2-59
14,S2-60
14,S2-61
14,S2-62
14,S2-63
14,S2-64
14,S2-65
14,S2-66
14,S2-67
14,S2-68
14,S2-69
14,S2-70
14,S2-71
14,S2-72
14,S2-73
14,S2-74
14,S2-75
14,S2-76
14,S2-77
14,S2-78
14,S2-79
14,S2-80
14,S2-81
14,S2-82
14,S2-83
14,S2-84
14,S2-85
14,S2-86
14,S2-87
14,S2-88
14,S2-89
14,S2-90
14,S2-91
14,S2-92
14,S2-93
14,S2-94
14,S2-95
14,S2-96
14,S2-97
14,S2-98
14,S2-99
14,S2-100
14,S2-101
14,S2-102
14,S2-103
14,S2-104
14,S2-105
14,S2-106
14,S2-107
14,S2-108
14,S2-109
14,S2-110
14,S2-111
14,S2-112
14,S2-113
14,S2-114
14,S2-115
14,S2-116
14,S2-117
14,S2-118
14,S2-119
14,S2-120
14,S2-121
14,S2-122
14,S2-123
14,S2-124
14,S2-125
14,S2-126
14,S2-127
14,S2-128
14,S2-129
14,S2-130
14,S2-131
14,S2-132
14,S2-133
14,S2-134
14,S2-135
14,S2-136
14,S2-137
14,S2-138
14,S2-139
14,S2-140
14,S2-141
14,S2-142
14,S2-143
14,S2-144
14,S3-01
14,S3-02
14,S3-03
14,S3-04
14,S3-05
14,S3-06
14,S3-07
14,S3-08
14,S3-09
14,S3-10
14,S3-11
14,S3-12
14,S3-13
14,S3-14
14,S3-15
14,S3-16
14,S3-17
14,S3-18
14,S3-19
14,S3-20
14,S3-21
14,S3-22
14,S3-23
14,S3-24
14,S3-25
14,S3-26
14,S3-27
14,S3-28
14,S3-29
14,S3-30
14,S3-31
14,S3-32
14,S3-33
14,S3-34
14,S3-35
14,S3-36
14,S3-37
14,S3-38
14,S3-39
14,S3-40
14,S3-41
14,S3-42
14,S3-43
14,S3-44
14,S3-45
14,S3-46
14,S3-47
14,S3-48
14,S3-49
14,S3-50
14,S3-51
14,S3-52
14,S3-53
14,S3-54
14,S3-55
14,S3-56
14,S3-57
14,S3-58
14,S3-59
14,S3-60
14,S3-61
14,S3-62
14,S3-63
14,S3-64
14,S3-65
14,S3-66
14,S3-67
14,S3-68
14,S3-69
14,S3-70
14,S3-71
14,S3-72
14,S3-73
14,S3-74
14,S3-75
14,S3-76
14,S3-77
14,S3-78
14,S3-79
14,S3-80
14,S3-81
14,S3-82
14,S3-83
14,S3-84
14,S3-85
14,S3-86
14,S3-87
14,S3-88
14,S3-89
14,S3-90
14,S3-91
14,S3-92
14,S3-93
14,S3-94
14,S3-95
14,S3-96
14,S3-97
14,S3-98
14,S3-99
14,S3-100
14,S3-101
14,S3-102
14,S3-103
14,S3-104
14,S3-105
14,S3-106
14,S3-107
14,S3-108
14,S3-109
14,S3-110
14,S3-111
14,S3-112
14,S3-113
14,S3-114
14,S3-115
14,S3-116
14,S3-117
14,S3-118
14,S3-119
14,S3-120
14,S3-121
14,S3-122
14,S3-123
14,S3-124
14,S3-125
14,S3-126
14,S3-127
14,S3-128
14,S3-129
14,S3-130
14,S3-131
14,S3-132
14,S3-133
14,S3-134
14,S3-135
14,S3-136
14,S3-137
14,S3-138
14,S3-139
14,S3-140
14,S3-141
14,S3-142
14,S3-143
14,S3-144
14,S4-01
14,S4-02
14,S4-03
14,S4-04
14,S4-05
14,S4-06
14,S4-07
14,S4-08
14,S4-09
14,S4-10
14,S4-11
14,S4-12
14,S4-13
14,S4-14
14,S4-15
14,S4-16
14,S4-17
14,S4-18
14,S4-19
14,S4-20
14,S4-21
14,S4-22
14,S4-23
14,S4-24
14,S4-25
14,S4-26
14,S4-27
14,S4-28
14,S4-29
14,S4-30
14,S4-31
14,S4-32
14,S4-33
14,S4-34
14,S4-35
14,S4-36
14,S4-37
14,S4-38
14,S4-39
14,S4-40
14,S4-41
14,S4-42
14,S4-43
14,S4-44
14,S4-45
14,S4-46
14,S4-47
14,S4-48
14,S4-49
14,S4-50
14,S4-51
14,S4-52
14,S4-53
14,S4-54
14,S4-55
14,S4-56
14,S4-57
14,S4-58
14,S4-59
14,S4-60
14,S4-61
14,S4-62
14,S4-63
14,S4-64
14,S4-65
14,S4-66
14,S4-67
14,S4-68
14,S4-69
14,S4-70
14,S4-71
14,S4-72
14,S4-73
14,S4-74
14,S4-75
14,S4-76
14,S4-77
14,S4-78
14,S4-79
14,S4-80
14,S4-81
14,S4-82
14,S4-83
14,S4-84
14,S4-85
14,S4-86
14,S4-87
14,S4-88
14,S4-89
14,S4-90
14,S4-91
14,S4-92
14,S4-93
14,S4-94
14,S4-95
14,S4-96
14,S4-97
14,S4-98
14,S4-99
14,S4-100
14,S4-101
14,S4-102
14,S4-103
14,S4-104
14,S4-105
14,S4-106
14,S4-107
14,S4-108
14,S4-109
14,S4-110
14,S4-111
14,S4-112
14,S4-113
14,S4-114
14,S4-115
14,S4-116
14,S4-117
14,S4-118
14,S4-119
14,S4-120
14,S4-121
14,S4-122
14,S4-123
14,S4-124
14,S4-125
14,S4-126
14,S4-127
14,S4-128
14,S4-129
14,S4-130
14,S4-131
14,S4-132
14,S4-133
14,S4-134
14,S4-135
14,S4-136
14,S4-137
14,S4-138
14,S4-139
14,S4-140
14,S4-141
14,S4-142
14,S4-143
14,S4-144
14,S5-01
14,S5-02
14,S5-03
14,S5-04
14,S5-05
14,S5-06
14,S5-07
14,S5-08
14,S5-09
14,S5-10
14,S5-11
14,S5-12
14,S5-13
14,S5-14
14,S5-15
14,S5-16
14,S5-17
14,S5-18
14,S5-19
14,S5-20
14,S5-21
14,S5-22
14,S5-23
14,S5-24
14,S5-25
14,S5-26
14,S5-27
14,S5-28
14,S5-29
14,S5-30
14,S5-31
14,S5-32
14,S5-33
14,S5-34
14,S5-35
14,S5-36
14,S5-37
14,S5-38
14,S5-39
14,S5-40
14,S5-41
14,S5-42
14,S5-43
14,S5-44
14,S5-45
14,S5-46
14,S5-47
14,S5-48
14,S5-49
14,S5-50
14,S5-51
14,S5-52
14,S5-53
14,S5-54
14,S5-55
14,S5-56
14,S5-57
14,S5-58
14,S5-59
14,S5-60
14,S5-61
14,S5-62
14,S5-63
14,S5-64
14,S5-65
14,S5-66
14,S5-67
14,S5-68
14,S5-69
14,S5-70
14,S5-71
14,S5-72
14,S5-73
14,S5-74
14,S5-75
14,S5-76
14,S5-77
14,S5-78
14,S5-79
14,S5-80
14,S5-81
14,S5-82
14,S5-83
14,S5-84
14,S5-85
14,S5-86
14,S5-87
14,S5-88
14,S5-89
14,S5-90
14,S5-91
14,S5-92
14,S5-93
14,S5-94
14,S5-95
14,S5-96
14,S5-97
14,S5-98
14,S5-99
14,S5-100
14,S5-101
14,S5-102
14,S5-103
14,S5-104
14,S5-105
14,S5-106
14,S5-107
14,S5-108
14,S5-109
14,S5-110
14,S5-111
14,S5-112
14,S5-113
14,S5-114
14,S5-115
14,S5-116
14,S5-117
14,S5-118
14,S5-119
14,S5-120
14,S5-121
14,S5-122
14,S5-123
14,S5-124
14,S5-125
14,S5-126
14,S5-127
14,S5-128
14,S5-129
14,S5-130
14,S5-131
14,S5-132
14,S5-133
14,S5-134
14,S5-135
14,S5-136
14,S5-137
14,S5-138
14,S5-139
14,S5-140
14,S5-141
14,S5-142
14,S5-143
14,S5-144
14,S6-01
14,S6-02
14,S6-03
14,S6-04
14,S6-05
14,S6-06
14,S6-07
14,S6-08
14,S6-09
14,S6-10
14,S6-11
14,S6-12
14,S6-13
14,S6-14
14,S6-15
14,S6-16
14,S6-17
14,S6-18
14,S6-19
14,S6-20
14,S6-21
14,S6-22
14,S6-23
14,S6-24
14,S6-25
14,S6-26
14,S6-27
14,S6-28
14,S6-29
14,S6-30
14,S6-31
14,S6-32
14,S6-33
14,S6-34
14,S6-35
14,S6-36
14,S6-37
14,S6-38
14,S6-39
14,S6-40
14,S6-41
14,S6-42
14,S6-43
14,S6-44
14,S6-45
14,S6-46
14,S6-47
14,S6-48
14,S6-49
14,S6-50
14,S6-51
14,S6-52
14,S6-53
14,S6-54
14,S6-55
14,S6-56
14,S6-57
14,S6-58
14,S6-59
14,S6-60
14,S6-61
14,S6-62
14,S6-63
14,S6-64
14,S6-65
14,S6-66
14,S6-67
14,S6-68
14,S6-69
14,S6-70
14,S6-71
14,S6-72
14,S6-73
14,S6-74
14,S6-75
14,S6-76
14,S6-77
14,S6-78
14,S6-79
14,S6-80
14,S6-81
14,S6-82
14,S6-83
14,S6-84
14,S6-85
14,S6-86
14,S6-87
14,S6-88
14,S6-89
14,S6-90
14,S6-91
14,S6-92
14,S6-93
14,S6-94
14,S6-95
14,S6-96
14,S6-97
14,S6-98
14,S6-99
14,S6-100
14,S6-101
14,S6-102
14,S6-103
14,S6-104
14,S6-105
14,S6-106
14,S6-107
14,S6-108
14,S6-109
14,S6-110
14,S6-111
14,S6-112
14,S6-113
14,S6-114
14,S6-115
14,S6-116
14,S6-117
14,S6-118
14,S6-119
14,S6-120
14,S6-121
14,S6-122
14,S6-123
14,S6-124
14,S6-125
14,S6-126
14,S6-127
14,S6-128
14,S6-129
14,S6-130
14,S6-131
14,S6-132
14,S6-133
14,S6-134
14,S6-135
14,S6-136
14,S6-137
14,S6-138
14,S6-139
14,S6-140
14,S6-141
14,S6-142
14,S6-143
14,S6-144
14,S7-01
14,S7-02
14,S7-03
14,S7-04
14,S7-05
14,S7-06
14,S7-07
14,S7-08
14,S7-09
14,S7-10
14,S7-11
14,S7-12
14,S7-13
14,S7-14
14,S7-15
14,S7-16
14,S7-17
14,S7-18
14,S7-19
14,S7-20
14,S7-21
14,S7-22
14,S7-23
14,S7-24
14,S7-25
14,S7-26
14,S7-27
14,S7-28
14,S7-29
14,S7-30
14,S7-31
14,S7-32
14,S7-33
14,S7-34
14,S7-35
14,S7-36
14,S7-37
14,S7-38
14,S7-39
14,S7-40
14,S7-41
14,S7-42
14,S7-43
14,S7-44
14,S7-45
14,S7-46
14,S7-47
14,S7-48
14,S7-49
14,S7-50
14,S7-51
14,S7-52
14,S7-53
14,S7-54
14,S7-55
14,S7-56
14,S7-57
14,S7-58
14,S7-59
14,S7-60
14,S7-61
14,S7-62
14,S7-63
14,S7-64
14,S7-65
14,S7-66
14,S7-67
14,S7-68
14,S7-69
14,S7-70
14,S7-71
14,S7-72
14,S7-73
14,S7-74
14,S7-75
14,S7-76
14,S7-77
14,S7-78
14,S7-79
14,S7-80
14,S7-81
14,S7-82
14,S7-83
14,S7-84
14,S7-85
14,S7-86
14,S7-87
14,S7-88
14,S7-89
14,S7-90
14,S7-91
14,S7-92
14,S7-93
14,S7-94
14,S7-95
14,S7-96
14,S7-97
14,S7-98
14,S7-99
14,S7-100
14,S7-101
14,S7-102
14,S7-103
14,S7-104
14,S7-105
14,S7-106
14,S7-107
14,S7-108
14,S7-109
14,S7-110
14,S7-111
14,S7-112
14,S7-113
14,S7-114
14,S7-115
14,S7-116
14,S7-117
14,S7-118
14,S7-119
14,S7-120
14,S7-121
14,S7-122
14,S7-123
14,S7-124
14,S7-125
14,S7-126
14,S7-127
14,S7-128
14,S7-129
14,S7-130
14,S7-131
14,S7-132
14,S7-133
14,S7-134
14,S7-135
14,S7-136
14,S7-137
14,S7-138
14,S7-139
14,S7-140
14,S7-141
14,S7-142
14,S7-143
14,S7-144
14,S8-01
14,S8-02
14,S8-03
14,S8-04
14,S8-05
14,S8-06
14,S8-07
14,S8-08
14,S8-09
14,S8-10
14,S8-11
14,S8-12
14,S8-13
14,S8-14
14,S8-15
14,S8-16
14,S8-17
14,S8-18
14,S8-19
14,S8-20
14,S8-21
14,S8-22
14,S8-23
14,S8-24
14,S8-25
14,S8-26
14,S8-27
14,S8-28
14,S8-29
14,S8-30
14,S8-31
14,S8-32
14,S8-33
14,S8-34
14,S8-35
14,S8-36
14,S8-37
14,S8-38
14,S8-39
14,S8-40
14,S8-41
14,S8-42
14,S8-43
14,S8-44
14,S8-45
14,S8-46
14,S8-47
14,S8-48
14,S8-49
14,S8-50
14,S8-51
14,S8-52
14,S8-53
14,S8-54
14,S8-55
14,S8-56
14,S8-57
14,S8-58
14,S8-59
14,S8-60
14,S8-61
14,S8-62
14,S8-63
14,S8-64
14,S8-65
14,S8-66
14,S8-67
14,S8-68
14,S8-69
14,S8-70
14,S8-71
14,S8-72
14,S8-73
14,S8-74
14,S8-75
14,S8-76
14,S8-77
14,S8-78
14,S8-79
14,S8-80
14,S8-81
14,S8-82
14,S8-83
14,S8-84
14,S8-85
14,S8-86
14,S8-87
14,S8-88
14,S8-89
14,S8-90
14,S8-91
14,S8-92
14,S8-93
14,S8-94
14,S8-95
14,S8-96
14,S8-97
14,S8-98
14,S8-99
14,S8-100
14,S8-101
14,S8-102
14,S8-103
14,S8-104
14,S8-105
14,S8-106
14,S8-107
14,S8-108
14,S8-109
14,S8-110
14,S8-111
14,S8-112
14,S8-113
14,S8-114
14,S8-115
14,S8-116
14,S8-117
14,S8-118
14,S8-119
14,S8-120
14,S8-121
14,S8-122
14,S8-123
14,S8-124
14,S8-125
14,S8-126
14,S8-127
14,S8-128
14,S8-129
14,S8-130
14,S8-131
14,S8-132
14,S8-133
14,S8-134
14,S8-135
14,S8-136
14,S8-137
14,S8-138
14,S8-139
14,S8-140
14,S8-141
14,S8-142
14,S8-143
14,S8-144
14,S9-01
14,S9-02
14,S9-03
14,S9-04
14,S9-05
14,S9-06
14,S9-07
14,S9-08
14,S9-09
14,S9-10
14,S9-11
14,S9-12
14,S9-13
14,S9-14
14,S9-15
14,S9-16
14,S9-17
14,S9-18
14,S9-19
14,S9-20
14,S9-21
14,S9-22
14,S9-23
14,S9-24
14,S9-25
14,S9-26
14,S9-27
14,S9-28
14,S9-29
14,S9-30
14,S9-31
14,S9-32
14,S9-33
14,S9-34
14,S9-35
14,S9-36
14,S9-37
14,S9-38
14,S9-39
14,S9-40
14,S9-41
14,S9-42
14,S9-43
14,S9-44
14,S9-45
14,S9-46
14,S9-47
14,S9-48
14,S9-49
14,S9-50
14,S9-51
14,S9-52
14,S9-53
14,S9-54
14,S9-55
14,S9-56
14,S9-57
14,S9-58
14,S9-59
14,S9-60
14,S9-61
14,S9-62
14,S9-63
14,S9-64
14,S9-65
14,S9-66
14,S9-67
14,S9-68
14,S9-69
14,S9-70
14,S9-71
14,S9-72
14,S9-73
14,S9-74
14,S9-75
14,S9-76
14,S9-77
14,S9-78
14,S9-79
14,S9-80
14,S9-81
14,S9-82
14,S9-83
14,S9-84
14,S9-85
14,S9-86
14,S9-87
14,S9-88
14,S9-89
14,S9-90
14,S9-91
14,S9-92
14,S9-93
14,S9-94
14,S9-95
14,S9-96
14,S9-97
14,S9-98
14,S9-99
14,S9-100
14,S9-101
14,S9-102
14,S9-103
14,S9-104
14,S9-105
14,S9-106
14,S9-107
14,S9-108
14,S9-109
14,S9-110
14,S9-111
14,S9-112
14,S9-113
14,S9-114
14,S9-115
14,S9-116
14,S9-117
14,S9-118
14,S9-119
14,S9-120
14,S9-121
14,S9-122
14,S9-123
14,S9-124
14,S9-125
14,S9-126
14,S9-127
14,S9-128
14,S9-129
14,S9-130
14,S9-131
14,S9-132
14,S9-133
14,S9-134
14,S9-135
14,S9-136
14,S9-137
14,S9-138
14,S9-139
14,S9-140
14,S9-141
14,S9-142
14,S9-143
14,S9-144
14,S10-01
14,S10-02
14,S10-03
14,S10-04
14,S10-05
14,S10-06
14,S10-07
14,S10-08
14,S10-09
14,S10-10
14,S10-11
14,S10-12
14,S10-13
14,S10-14
14,S10-15
14,S10-16
14,S10-17
14,S10-18
14,S10-19
14,S10-20
14,S10-21
14,S10-22
14,S10-23
14,S10-24
14,S10-25
14,S10-26
14,S10-27
14,S10-28
14,S10-29
14,S10-30
14,S10-31
14,S10-32
14,S10-33
14,S10-34
14,S10-35
14,S10-36
14,S10-37
14,S10-38
14,S10-39
14,S10-40
14,S10-41
14,S10-42
14,S10-43
14,S10-44
14,S10-45
14,S10-46
14,S10-47
14,S10-48
14,S10-49
14,S10-50
14,S10-51
14,S10-52
14,S10-53
14,S10-54
14,S10-55
14,S10-56
14,S10-57
14,S10-58
14,S10-59
14,S10-60
14,S10-61
14,S10-62
14,S10-63
14,S10-64
14,S10-65
14,S10-66
14,S10-67
14,S10-68
14,S10-69
14,S10-70
14,S10-71
14,S10-72
14,S10-73
14,S10-74
14,S10-75
14,S10-76
14,S10-77
14,S10-78
14,S10-79
14,S10-80
14,S10-81
14,S10-82
14,S10-83
14,S10-84
14,S10-85
14,S10-86
14,S10-87
14,S10-88
14,S10-89
14,S10-90
14,S10-91
14,S10-92
14,S10-93
14,S10-94
14,S10-95
14,S10-96
14,S10-97
14,S10-98
14,S10-99
14,S10-100
14,S10-101
14,S10-102
14,S10-103
14,S10-104
14,S10-105
14,S10-106
14,S10-107
14,S10-108
14,S10-109
14,S10-110
14,S10-111
14,S10-112
14,S10-113
14,S10-114
14,S10-115
14,S10-116
14,S10-117
14,S10-118
14,S10-119
14,S10-120
14,S10-121
14,S10-122
14,S10-123
14,S10-124
14,S10-125
14,S10-126
14,S10-127
14,S10-128
14,S10-129
14,S10-130
14,S10-131
14,S10-132
14,S10-133
14,S10-134
14,S10-135
14,S10-136
14,S10-137
14,S10-138
14,S10-139
14,S10-140
14,S10-141
14,S10-142
14,S10-143
14,S10-144
14,S11-01
14,S11-02
14,S11-03
14,S11-04
14,S11-05
14,S11-06
14,S11-07
14,S11-08
14,S11-09
14,S11-10
14,S11-11
14,S11-12
14,S11-13
14,S11-14
14,S11-15
14,S11-16
14,S11-17
14,S11-18
14,S11-19
14,S11-20
14,S11-21
14,S11-22
14,S11-23
14,S11-24
14,S11-25
14,S11-26
14,S11-27
14,S11-28
14,S11-29
14,S11-30
14,S11-31
14,S11-32
14,S11-33
14,S11-34
14,S11-35
14,S11-36
14,S11-37
14,S11-38
14,S11-39
14,S11-40
14,S11-41
14,S11-42
14,S11-43
14,S11-44
14,S11-45
14,S11-46
14,S11-47
14,S11-48
14,S11-49
14,S11-50
14,S11-51
14,S11-52
14,S11-53
14,S11-54
14,S11-55
14,S11-56
14,S11-57
14,S11-58
14,S11-59
14,S11-60
14,S11-61
14,S11-62
14,S11-63
14,S11-64
14,S11-65
14,S11-66
14,S11-67
14,S11-68
14,S11-69
14,S11-70
14,S11-71
14,S11-72
14,S11-73
14,S11-74
14,S11-75
14,S11-76
14,S11-77
14,S11-78
14,S11-79
14,S11-80
14,S11-81
14,S11-82
14,S11-83
14,S11-84
14,S11-85
14,S11-86
14,S11-87
14,S11-88
14,S11-89
14,S11-90
14,S11-91
14,S11-92
14,S11-93
14,S11-94
14,S11-95
14,S11-96
14,S11-97
14,S11-98
14,S11-99
14,S11-100
14,S11-101
14,S11-102
14,S11-103
14,S11-104
14,S11-105
14,S11-106
14,S11-107
14,S11-108
14,S11-109
14,S11-110
14,S11-111
14,S11-112
14,S11-113
14,S11-114
14,S11-115
14,S11-116
14,S11-117
14,S11-118
14,S11-119
14,S11-120
14,S11-121
14,S11-122
14,S11-123
14,S11-124
14,S11-125
14,S11-126
14,S11-127
14,S11-128
14,S11-129
14,S11-130
14,S11-131
14,S11-132
14,S11-133
14,S11-134
14,S11-135
14,S11-136
14,S11-137
14,S11-138
14,S11-139
14,S11-140
14,S11-141
14,S11-142
14,S11-143
14,S11-144
14,S12-01
14,S12-02
14,S12-03
14,S12-04
14,S12-05
14,S12-06
14,S12-07
14,S12-08
14,S12-09
14,S12-10
14,S12-11
14,S12-12
14,S12-13
14,S12-14
14,S12-15
14,S12-16
14,S12-17
14,S12-18
14,S12-19
14,S12-20
14,S12-21
14,S12-22
14,S12-23
14,S12-24
14,S12-25
14,S12-26
14,S12-27
14,S12-28
14,S12-29
14,S12-30
14,S12-31
14,S12-32
14,S12-33
14,S12-34
14,S12-35
14,S12-36
14,S12-37
14,S12-38
14,S12-39
14,S12-40
14,S12-41
14,S12-42
14,S12-43
14,S12-44
14,S12-45
14,S12-46
14,S12-47
14,S12-48
14,S12-49
14,S12-50
14,S12-51
14,S12-52
14,S12-53
14,S12-54
14,S12-55
14,S12-56
14,S12-57
14,S12-58
14,S12-59
14,S12-60
14,S12-61
14,S12-62
14,S12-63
14,S12-64
14,S12-65
14,S12-66
14,S12-67
14,S12-68
14,S12-69
14,S12-70
14,S12-71
14,S12-72
14,S12-73
14,S12-74
14,S12-75
14,S12-76
14,S12-77
14,S12-78
14,S12-79
14,S12-80
14,S12-81
14,S12-82
14,S12-83
14,S12-84
14,S12-85
14,S12-86
14,S12-87
14,S12-88
14,S12-89
14,S12-90
14,S12-91
14,S12-92
14,S12-93
14,S12-94
14,S12-95
14,S12-96
14,S12-97
14,S12-98
14,S12-99
14,S12-100
14,S12-101
14,S12-102
14,S12-103
14,S12-104
14,S12-105
14,S12-106
14,S12-107
14,S12-108
14,S12-109
14,S12-110
14,S12-111
14,S12-112
14,S12-113
14,S12-114
14,S12-115
14,S12-116
14,S12-117
14,S12-118
14,S12-119
14,S12-120
14,S12-121
14,S12-122
14,S12-123
14,S12-124
14,S12-125
14,S12-126
14,S12-127
14,S12-128
14,S12-129
14,S12-130
14,S12-131
14,S12-132
14,S12-133
14,S12-134
14,S12-135
14,S12-136
14,S12-137
14,S12-138
14,S12-139
14,S12-140
14,S12-141
14,S12-142
14,S12-143
14,S12-144
